<metadata xml:lang="cs"><Esri><CreaDate>20240312</CreaDate><CreaTime>13381400</CreaTime><ArcGISFormat>1.0</ArcGISFormat><ArcGISstyle>IPR</ArcGISstyle><SyncOnce>FALSE</SyncOnce><DataProperties><itemProps><itemName Sync="TRUE">DOP_PID_TARIFPASMA_P</itemName><itemLocation><linkage Sync="TRUE">file://\\SPAL\C$\Users\spal\Desktop\Geoportal\shapefile\DOP_PID_TARIFPASMA_P.shp</linkage><protocol Sync="TRUE">Local Area Network</protocol></itemLocation><nativeExtBox><westBL Sync="TRUE">-851370.709900</westBL><eastBL Sync="TRUE">-655533.118600</eastBL><southBL Sync="TRUE">-1124528.299000</southBL><northBL Sync="TRUE">-981331.157600</northBL><exTypeCode Sync="TRUE">1</exTypeCode></nativeExtBox><imsContentType Sync="TRUE" export="False">002</imsContentType><itemSize Sync="TRUE">0.000</itemSize></itemProps><coordRef><type Sync="TRUE">Projected</type><geogcsn Sync="TRUE">GCS_S_JTSK</geogcsn><csUnits Sync="TRUE">Linear Unit: Meter (1.000000)</csUnits><projcsn Sync="TRUE">S-JTSK_Krovak_East_North</projcsn><peXml Sync="TRUE">&lt;ProjectedCoordinateSystem xsi:type='typens:ProjectedCoordinateSystem' xmlns:xsi='http://www.w3.org/2001/XMLSchema-instance' xmlns:xs='http://www.w3.org/2001/XMLSchema' xmlns:typens='http://www.esri.com/schemas/ArcGIS/3.4.0'&gt;&lt;WKT&gt;PROJCS[&amp;quot;S-JTSK_Krovak_East_North&amp;quot;,GEOGCS[&amp;quot;GCS_S_JTSK&amp;quot;,DATUM[&amp;quot;D_S_JTSK&amp;quot;,SPHEROID[&amp;quot;Bessel_1841&amp;quot;,6377397.155,299.1528128]],PRIMEM[&amp;quot;Greenwich&amp;quot;,0.0],UNIT[&amp;quot;Degree&amp;quot;,0.0174532925199433]],PROJECTION[&amp;quot;Krovak&amp;quot;],PARAMETER[&amp;quot;False_Easting&amp;quot;,0.0],PARAMETER[&amp;quot;False_Northing&amp;quot;,0.0],PARAMETER[&amp;quot;Pseudo_Standard_Parallel_1&amp;quot;,78.5],PARAMETER[&amp;quot;Scale_Factor&amp;quot;,0.9999],PARAMETER[&amp;quot;Azimuth&amp;quot;,30.28813975277778],PARAMETER[&amp;quot;Longitude_Of_Center&amp;quot;,24.83333333333333],PARAMETER[&amp;quot;Latitude_Of_Center&amp;quot;,49.5],PARAMETER[&amp;quot;X_Scale&amp;quot;,-1.0],PARAMETER[&amp;quot;Y_Scale&amp;quot;,1.0],PARAMETER[&amp;quot;XY_Plane_Rotation&amp;quot;,90.0],UNIT[&amp;quot;Meter&amp;quot;,1.0],AUTHORITY[&amp;quot;EPSG&amp;quot;,5514]]&lt;/WKT&gt;&lt;XOrigin&gt;-33699800&lt;/XOrigin&gt;&lt;YOrigin&gt;-33699800&lt;/YOrigin&gt;&lt;XYScale&gt;133638764.24698351&lt;/XYScale&gt;&lt;ZOrigin&gt;-100000&lt;/ZOrigin&gt;&lt;ZScale&gt;10000&lt;/ZScale&gt;&lt;MOrigin&gt;-100000&lt;/MOrigin&gt;&lt;MScale&gt;10000&lt;/MScale&gt;&lt;XYTolerance&gt;0.001&lt;/XYTolerance&gt;&lt;ZTolerance&gt;0.001&lt;/ZTolerance&gt;&lt;MTolerance&gt;0.001&lt;/MTolerance&gt;&lt;HighPrecision&gt;true&lt;/HighPrecision&gt;&lt;WKID&gt;102067&lt;/WKID&gt;&lt;LatestWKID&gt;5514&lt;/LatestWKID&gt;&lt;/ProjectedCoordinateSystem&gt;</peXml></coordRef><lineage><Process ToolSource="c:\esri\arcgis\desktop10.8\ArcToolbox\Toolboxes\Data Management Tools.tbx\TruncateTable" Date="20240206" Time="102110" Name="" export="">TruncateTable S:\KonfiguracePripojeni\KonektoryAdmin\DOP\dop_cur@@ipr_gdb2_odb1.sde\DOP_CUR.DOP_PID_TarifPasma_p</Process><Process ToolSource="c:\esri\arcgis\desktop10.8\ArcToolbox\Toolboxes\Data Management Tools.tbx\Append" Date="20240206" Time="102326" Name="" export="">Append S:\Poskytovatel\DATA\DOP_Doprava\HMP_ROPID\20240206_tarifPasma\20240205\tarifni_pasma.gdb\TP S:\KonfiguracePripojeni\KonektoryAdmin\DOP\dop_cur@@ipr_gdb2_odb1.sde\DOP_CUR.DOP_PID_TarifPasma_p NO_TEST "ID "ID" true true false 4 Long 0 10 ,First,#,S:\Poskytovatel\DATA\DOP_Doprava\HMP_ROPID\20240206_tarifPasma\20240205\tarifni_pasma.gdb\TP,ID,-1,-1;POPIS "popis" true true false 20 Text 0 0 ,First,#,S:\Poskytovatel\DATA\DOP_Doprava\HMP_ROPID\20240206_tarifPasma\20240205\tarifni_pasma.gdb\TP,POPIS,-1,-1;TID_DOP_PID_TARIFPASMA_P "TID_DOP_PID_TARIFPASMA_P" true true false 4 Long 0 10 ,First,#;ID_POSKYT "ID_POSKYT" true true false 4 Long 0 10 ,First,#;POSKYT "POSKYT" true true false 30 Text 0 0 ,First,#;GLOBALID "GLOBALID" false false false 38 GlobalID 0 0 ,First,#;SHAPE.AREA "SHAPE.AREA" false false true 0 Double 0 0 ,First,#;SHAPE.LEN "SHAPE.LEN" false false true 0 Double 0 0 ,First,#" #</Process><Process ToolSource="c:\esri\arcgis\desktop10.8\ArcToolbox\Toolboxes\Data Management Tools.tbx\CalculateField" Date="20240206" Time="104309" Name="" export="">CalculateField DOP_CUR.DOP_PID_TarifPasma_p ID_POSKYT 426 VB #</Process><Process ToolSource="c:\esri\arcgis\desktop10.8\ArcToolbox\Toolboxes\Data Management Tools.tbx\CalculateField" Date="20240206" Time="104345" Name="" export="">CalculateField DOP_CUR.DOP_PID_TarifPasma_p POSKYT "HMP-ROPID" VB #</Process><Process ToolSource="c:\esri\arcgis\desktop10.8\ArcToolbox\Toolboxes\Data Management Tools.tbx\ChangePrivileges" Date="20240418" Time="124814" Name="" export="">ChangePrivileges S:\KonfiguracePripojeni\KonektoryAdmin\DOP\dop_cur@@dcipr.gdb3.sde\DOP_CUR.DOP_BusZarizeni_b;S:\KonfiguracePripojeni\KonektoryAdmin\DOP\dop_cur@@dcipr.gdb3.sde\DOP_CUR.DOP_Cyklogenerel_l;S:\KonfiguracePripojeni\KonektoryAdmin\DOP\dop_cur@@dcipr.gdb3.sde\DOP_CUR.DOP_Cyklotrasy_l;S:\KonfiguracePripojeni\KonektoryAdmin\DOP\dop_cur@@dcipr.gdb3.sde\DOP_CUR.DOP_CykloZnacky_b;S:\KonfiguracePripojeni\KonektoryAdmin\DOP\dop_cur@@dcipr.gdb3.sde\DOP_CUR.DOP_Dalnice_l;S:\KonfiguracePripojeni\KonektoryAdmin\DOP\dop_cur@@dcipr.gdb3.sde\DOP_CUR.DOP_Lanovky_l;S:\KonfiguracePripojeni\KonektoryAdmin\DOP\dop_cur@@dcipr.gdb3.sde\DOP_CUR.DOP_LanovkyOP_p;S:\KonfiguracePripojeni\KonektoryAdmin\DOP\dop_cur@@dcipr.gdb3.sde\DOP_CUR.DOP_LetisteOP_l;S:\KonfiguracePripojeni\KonektoryAdmin\DOP\dop_cur@@dcipr.gdb3.sde\DOP_CUR.DOP_LetisteOP_laser_l;S:\KonfiguracePripojeni\KonektoryAdmin\DOP\dop_cur@@dcipr.gdb3.sde\DOP_CUR.DOP_LetisteOP_laser_p;S:\KonfiguracePripojeni\KonektoryAdmin\DOP\dop_cur@@dcipr.gdb3.sde\DOP_CUR.DOP_LetisteOP_ornit_l;S:\KonfiguracePripojeni\KonektoryAdmin\DOP\dop_cur@@dcipr.gdb3.sde\DOP_CUR.DOP_LetisteOP_ornit_p;S:\KonfiguracePripojeni\KonektoryAdmin\DOP\dop_cur@@dcipr.gdb3.sde\DOP_CUR.DOP_LetisteOP_p;S:\KonfiguracePripojeni\KonektoryAdmin\DOP\dop_cur@@dcipr.gdb3.sde\DOP_CUR.DOP_LetisteOP_radar_p;S:\KonfiguracePripojeni\KonektoryAdmin\DOP\dop_cur@@dcipr.gdb3.sde\DOP_CUR.DOP_LetisteOP_svetla_p;S:\KonfiguracePripojeni\KonektoryAdmin\DOP\dop_cur@@dcipr.gdb3.sde\DOP_CUR.DOP_LetisteOP_VNaVVN_p;S:\KonfiguracePripojeni\KonektoryAdmin\DOP\dop_cur@@dcipr.gdb3.sde\DOP_CUR.DOP_LetVzletDrahy_l;S:\KonfiguracePripojeni\KonektoryAdmin\DOP\dop_cur@@dcipr.gdb3.sde\DOP_CUR.DOP_LetZarizeni_b;S:\KonfiguracePripojeni\KonektoryAdmin\DOP\dop_cur@@dcipr.gdb3.sde\DOP_CUR.DOP_LogistickaCentra_b;S:\KonfiguracePripojeni\KonektoryAdmin\DOP\dop_cur@@dcipr.gdb3.sde\DOP_CUR.DOP_LRNZ_OP_l;S:\KonfiguracePripojeni\KonektoryAdmin\DOP\dop_cur@@dcipr.gdb3.sde\DOP_CUR.DOP_LRNZ_OP_p;S:\KonfiguracePripojeni\KonektoryAdmin\DOP\dop_cur@@dcipr.gdb3.sde\DOP_CUR.DOP_MetroOP_l;S:\KonfiguracePripojeni\KonektoryAdmin\DOP\dop_cur@@dcipr.gdb3.sde\DOP_CUR.DOP_MetroOP_p;S:\KonfiguracePripojeni\KonektoryAdmin\DOP\dop_cur@@dcipr.gdb3.sde\DOP_CUR.DOP_MetroOsaTrati_l;S:\KonfiguracePripojeni\KonektoryAdmin\DOP\dop_cur@@dcipr.gdb3.sde\DOP_CUR.DOP_MetroOsyKoleji_l;S:\KonfiguracePripojeni\KonektoryAdmin\DOP\dop_cur@@dcipr.gdb3.sde\DOP_CUR.DOP_MetroZarizeni_b;S:\KonfiguracePripojeni\KonektoryAdmin\DOP\dop_cur@@dcipr.gdb3.sde\DOP_CUR.DOP_PesiTrasy_l;S:\KonfiguracePripojeni\KonektoryAdmin\DOP\dop_cur@@dcipr.gdb3.sde\DOP_CUR.DOP_PID_LINKY_L;S:\KonfiguracePripojeni\KonektoryAdmin\DOP\dop_cur@@dcipr.gdb3.sde\DOP_CUR.DOP_PID_LINKY_TYDEN_L;S:\KonfiguracePripojeni\KonektoryAdmin\DOP\dop_cur@@dcipr.gdb3.sde\DOP_CUR.DOP_PID_TarifPasma_p;S:\KonfiguracePripojeni\KonektoryAdmin\DOP\dop_cur@@dcipr.gdb3.sde\DOP_CUR.DOP_PID_TRASY_L;S:\KonfiguracePripojeni\KonektoryAdmin\DOP\dop_cur@@dcipr.gdb3.sde\DOP_CUR.DOP_PID_TRASY_TYDEN_L;S:\KonfiguracePripojeni\KonektoryAdmin\DOP\dop_cur@@dcipr.gdb3.sde\DOP_CUR.DOP_PID_VSTUPY_B;S:\KonfiguracePripojeni\KonektoryAdmin\DOP\dop_cur@@dcipr.gdb3.sde\DOP_CUR.DOP_PID_ZAST_POPIS_B;S:\KonfiguracePripojeni\KonektoryAdmin\DOP\dop_cur@@dcipr.gdb3.sde\DOP_CUR.DOP_PID_ZAST_POPIS_TYDEN_B;S:\KonfiguracePripojeni\KonektoryAdmin\DOP\dop_cur@@dcipr.gdb3.sde\DOP_CUR.DOP_PID_ZASTAVKY_B;S:\KonfiguracePripojeni\KonektoryAdmin\DOP\dop_cur@@dcipr.gdb3.sde\DOP_CUR.DOP_PID_ZASTAVKY_TYDEN_B;S:\KonfiguracePripojeni\KonektoryAdmin\DOP\dop_cur@@dcipr.gdb3.sde\DOP_CUR.DOP_SilniceIt_l;S:\KonfiguracePripojeni\KonektoryAdmin\DOP\dop_cur@@dcipr.gdb3.sde\DOP_CUR.DOP_TramTrate_l;S:\KonfiguracePripojeni\KonektoryAdmin\DOP\dop_cur@@dcipr.gdb3.sde\DOP_CUR.DOP_TramvajeOP_l;S:\KonfiguracePripojeni\KonektoryAdmin\DOP\dop_cur@@dcipr.gdb3.sde\DOP_CUR.DOP_TramvajeOP_p;S:\KonfiguracePripojeni\KonektoryAdmin\DOP\dop_cur@@dcipr.gdb3.sde\DOP_CUR.DOP_TramvajeVozovny_b;S:\KonfiguracePripojeni\KonektoryAdmin\DOP\dop_cur@@dcipr.gdb3.sde\DOP_CUR.DOP_Trasy_ZTP_l;S:\KonfiguracePripojeni\KonektoryAdmin\DOP\dop_cur@@dcipr.gdb3.sde\DOP_CUR.DOP_TSK_LU_terminy_p;S:\KonfiguracePripojeni\KonektoryAdmin\DOP\dop_cur@@dcipr.gdb3.sde\DOP_CUR.DOP_TSK_Stani_ZTP_b;S:\KonfiguracePripojeni\KonektoryAdmin\DOP\dop_cur@@dcipr.gdb3.sde\DOP_CUR.DOP_TSK_UlicUsPAKOM_l;S:\KonfiguracePripojeni\KonektoryAdmin\DOP\dop_cur@@dcipr.gdb3.sde\DOP_CUR.DOP_TSK_ZimniUdrzba_l;S:\KonfiguracePripojeni\KonektoryAdmin\DOP\dop_cur@@dcipr.gdb3.sde\DOP_CUR.DOP_VodniCesta_l;S:\KonfiguracePripojeni\KonektoryAdmin\DOP\dop_cur@@dcipr.gdb3.sde\DOP_CUR.DOP_VodniZarizeni_b;S:\KonfiguracePripojeni\KonektoryAdmin\DOP\dop_cur@@dcipr.gdb3.sde\DOP_CUR.DOP_ZachParkoviste_b;S:\KonfiguracePripojeni\KonektoryAdmin\DOP\dop_cur@@dcipr.gdb3.sde\DOP_CUR.DOP_ZelezniceOP_p;S:\KonfiguracePripojeni\KonektoryAdmin\DOP\dop_cur@@dcipr.gdb3.sde\DOP_CUR.DOP_ZelezOsyKoleji_l;S:\KonfiguracePripojeni\KonektoryAdmin\DOP\dop_cur@@dcipr.gdb3.sde\DOP_CUR.DOP_ZelezZarizeni_b;S:\KonfiguracePripojeni\KonektoryAdmin\DOP\dop_cur@@dcipr.gdb3.sde\DOP_CUR.DOP_ZPS_Parkomaty_b;S:\KonfiguracePripojeni\KonektoryAdmin\DOP\dop_cur@@dcipr.gdb3.sde\DOP_CUR.DOP_ZPS_SPEC_p;S:\KonfiguracePripojeni\KonektoryAdmin\DOP\dop_cur@@dcipr.gdb3.sde\DOP_CUR.DOP_ZPS_USEKY_p;S:\KonfiguracePripojeni\KonektoryAdmin\DOP\dop_cur@@dcipr.gdb3.sde\DOP_CUR.DOP_ZPS_ZAS_p;S:\KonfiguracePripojeni\KonektoryAdmin\DOP\dop_cur@@dcipr.gdb3.sde\DOP_CUR.DOP_ZPS_ZM_p;S:\KonfiguracePripojeni\KonektoryAdmin\DOP\dop_cur@@dcipr.gdb3.sde\DOP_CUR.DOP_ZPS_ZonyPark_p;S:\KonfiguracePripojeni\KonektoryAdmin\DOP\dop_cur@@dcipr.gdb3.sde\DOP_CUR.DOP_ZPS_ZonyStani_p;S:\KonfiguracePripojeni\KonektoryAdmin\DOP\dop_cur@@dcipr.gdb3.sde\DOP_CUR.DOP_ZPS_ZTP_RZ_p;S:\KonfiguracePripojeni\KonektoryAdmin\DOP\dop_cur@@dcipr.gdb3.sde\DOP_CUR.DOP_ZPS_ZTP_SDR_p dop_cur_user GRANT #</Process><Process ToolSource="c:\esri\arcgis\desktop10.8\ArcToolbox\Toolboxes\Data Management Tools.tbx\ChangePrivileges" Date="20240418" Time="130151" Name="" export="">ChangePrivileges S:\KonfiguracePripojeni\KonektoryAdmin\DOP\dop_cur@@dcipr.gdb3.sde\DOP_CUR.DOP_Cyklogenerel_l;S:\KonfiguracePripojeni\KonektoryAdmin\DOP\dop_cur@@dcipr.gdb3.sde\DOP_CUR.DOP_Cyklotrasy_l;S:\KonfiguracePripojeni\KonektoryAdmin\DOP\dop_cur@@dcipr.gdb3.sde\DOP_CUR.DOP_CykloZnacky_b;S:\KonfiguracePripojeni\KonektoryAdmin\DOP\dop_cur@@dcipr.gdb3.sde\DOP_CUR.DOP_PesiTrasy_l;S:\KonfiguracePripojeni\KonektoryAdmin\DOP\dop_cur@@dcipr.gdb3.sde\DOP_CUR.DOP_PID_LINKY_L;S:\KonfiguracePripojeni\KonektoryAdmin\DOP\dop_cur@@dcipr.gdb3.sde\DOP_CUR.DOP_PID_LINKY_TYDEN_L;S:\KonfiguracePripojeni\KonektoryAdmin\DOP\dop_cur@@dcipr.gdb3.sde\DOP_CUR.DOP_PID_TarifPasma_p;S:\KonfiguracePripojeni\KonektoryAdmin\DOP\dop_cur@@dcipr.gdb3.sde\DOP_CUR.DOP_PID_TRASY_L;S:\KonfiguracePripojeni\KonektoryAdmin\DOP\dop_cur@@dcipr.gdb3.sde\DOP_CUR.DOP_PID_TRASY_TYDEN_L;S:\KonfiguracePripojeni\KonektoryAdmin\DOP\dop_cur@@dcipr.gdb3.sde\DOP_CUR.DOP_PID_VSTUPY_B;S:\KonfiguracePripojeni\KonektoryAdmin\DOP\dop_cur@@dcipr.gdb3.sde\DOP_CUR.DOP_PID_ZAST_POPIS_B;S:\KonfiguracePripojeni\KonektoryAdmin\DOP\dop_cur@@dcipr.gdb3.sde\DOP_CUR.DOP_PID_ZAST_POPIS_TYDEN_B;S:\KonfiguracePripojeni\KonektoryAdmin\DOP\dop_cur@@dcipr.gdb3.sde\DOP_CUR.DOP_PID_ZASTAVKY_B;S:\KonfiguracePripojeni\KonektoryAdmin\DOP\dop_cur@@dcipr.gdb3.sde\DOP_CUR.DOP_PID_ZASTAVKY_TYDEN_B;S:\KonfiguracePripojeni\KonektoryAdmin\DOP\dop_cur@@dcipr.gdb3.sde\DOP_CUR.DOP_TSK_LU_terminy_p;S:\KonfiguracePripojeni\KonektoryAdmin\DOP\dop_cur@@dcipr.gdb3.sde\DOP_CUR.DOP_TSK_Stani_ZTP_b;S:\KonfiguracePripojeni\KonektoryAdmin\DOP\dop_cur@@dcipr.gdb3.sde\DOP_CUR.DOP_TSK_UlicUsPAKOM_l;S:\KonfiguracePripojeni\KonektoryAdmin\DOP\dop_cur@@dcipr.gdb3.sde\DOP_CUR.DOP_TSK_ZimniUdrzba_l;S:\KonfiguracePripojeni\KonektoryAdmin\DOP\dop_cur@@dcipr.gdb3.sde\DOP_CUR.DOP_ZachParkoviste_b;S:\KonfiguracePripojeni\KonektoryAdmin\DOP\dop_cur@@dcipr.gdb3.sde\DOP_CUR.DOP_ZPS_Parkomaty_b;S:\KonfiguracePripojeni\KonektoryAdmin\DOP\dop_cur@@dcipr.gdb3.sde\DOP_CUR.DOP_ZPS_SPEC_p;S:\KonfiguracePripojeni\KonektoryAdmin\DOP\dop_cur@@dcipr.gdb3.sde\DOP_CUR.DOP_ZPS_USEKY_p;S:\KonfiguracePripojeni\KonektoryAdmin\DOP\dop_cur@@dcipr.gdb3.sde\DOP_CUR.DOP_ZPS_ZAS_p;S:\KonfiguracePripojeni\KonektoryAdmin\DOP\dop_cur@@dcipr.gdb3.sde\DOP_CUR.DOP_ZPS_ZM_p;S:\KonfiguracePripojeni\KonektoryAdmin\DOP\dop_cur@@dcipr.gdb3.sde\DOP_CUR.DOP_ZPS_ZonyStani_p;S:\KonfiguracePripojeni\KonektoryAdmin\DOP\dop_cur@@dcipr.gdb3.sde\DOP_CUR.DOP_ZPS_ZTP_RZ_p;S:\KonfiguracePripojeni\KonektoryAdmin\DOP\dop_cur@@dcipr.gdb3.sde\DOP_CUR.DOP_ZPS_ZTP_SDR_p app_geop_opendata GRANT #</Process><Process ToolSource="c:\esri\arcgis\desktop10.8\ArcToolbox\Toolboxes\Data Management Tools.tbx\ChangePrivileges" Date="20240418" Time="131316" Name="" export="">ChangePrivileges S:\KonfiguracePripojeni\KonektoryAdmin\DOP\dop_cur@@dcipr.gdb3.sde\DOP_CUR.DOP_BusZarizeni_b;S:\KonfiguracePripojeni\KonektoryAdmin\DOP\dop_cur@@dcipr.gdb3.sde\DOP_CUR.DOP_Cyklogenerel_l;S:\KonfiguracePripojeni\KonektoryAdmin\DOP\dop_cur@@dcipr.gdb3.sde\DOP_CUR.DOP_Cyklotrasy_l;S:\KonfiguracePripojeni\KonektoryAdmin\DOP\dop_cur@@dcipr.gdb3.sde\DOP_CUR.DOP_CykloZnacky_b;S:\KonfiguracePripojeni\KonektoryAdmin\DOP\dop_cur@@dcipr.gdb3.sde\DOP_CUR.DOP_Dalnice_l;S:\KonfiguracePripojeni\KonektoryAdmin\DOP\dop_cur@@dcipr.gdb3.sde\DOP_CUR.DOP_Lanovky_l;S:\KonfiguracePripojeni\KonektoryAdmin\DOP\dop_cur@@dcipr.gdb3.sde\DOP_CUR.DOP_LanovkyOP_p;S:\KonfiguracePripojeni\KonektoryAdmin\DOP\dop_cur@@dcipr.gdb3.sde\DOP_CUR.DOP_LetisteOP_l;S:\KonfiguracePripojeni\KonektoryAdmin\DOP\dop_cur@@dcipr.gdb3.sde\DOP_CUR.DOP_LetisteOP_laser_l;S:\KonfiguracePripojeni\KonektoryAdmin\DOP\dop_cur@@dcipr.gdb3.sde\DOP_CUR.DOP_LetisteOP_laser_p;S:\KonfiguracePripojeni\KonektoryAdmin\DOP\dop_cur@@dcipr.gdb3.sde\DOP_CUR.DOP_LetisteOP_ornit_l;S:\KonfiguracePripojeni\KonektoryAdmin\DOP\dop_cur@@dcipr.gdb3.sde\DOP_CUR.DOP_LetisteOP_ornit_p;S:\KonfiguracePripojeni\KonektoryAdmin\DOP\dop_cur@@dcipr.gdb3.sde\DOP_CUR.DOP_LetisteOP_p;S:\KonfiguracePripojeni\KonektoryAdmin\DOP\dop_cur@@dcipr.gdb3.sde\DOP_CUR.DOP_LetisteOP_radar_p;S:\KonfiguracePripojeni\KonektoryAdmin\DOP\dop_cur@@dcipr.gdb3.sde\DOP_CUR.DOP_LetisteOP_svetla_p;S:\KonfiguracePripojeni\KonektoryAdmin\DOP\dop_cur@@dcipr.gdb3.sde\DOP_CUR.DOP_LetisteOP_VNaVVN_p;S:\KonfiguracePripojeni\KonektoryAdmin\DOP\dop_cur@@dcipr.gdb3.sde\DOP_CUR.DOP_LetVzletDrahy_l;S:\KonfiguracePripojeni\KonektoryAdmin\DOP\dop_cur@@dcipr.gdb3.sde\DOP_CUR.DOP_LetZarizeni_b;S:\KonfiguracePripojeni\KonektoryAdmin\DOP\dop_cur@@dcipr.gdb3.sde\DOP_CUR.DOP_LogistickaCentra_b;S:\KonfiguracePripojeni\KonektoryAdmin\DOP\dop_cur@@dcipr.gdb3.sde\DOP_CUR.DOP_LRNZ_OP_l;S:\KonfiguracePripojeni\KonektoryAdmin\DOP\dop_cur@@dcipr.gdb3.sde\DOP_CUR.DOP_LRNZ_OP_p;S:\KonfiguracePripojeni\KonektoryAdmin\DOP\dop_cur@@dcipr.gdb3.sde\DOP_CUR.DOP_MetroOP_l;S:\KonfiguracePripojeni\KonektoryAdmin\DOP\dop_cur@@dcipr.gdb3.sde\DOP_CUR.DOP_MetroOP_p;S:\KonfiguracePripojeni\KonektoryAdmin\DOP\dop_cur@@dcipr.gdb3.sde\DOP_CUR.DOP_MetroOsaTrati_l;S:\KonfiguracePripojeni\KonektoryAdmin\DOP\dop_cur@@dcipr.gdb3.sde\DOP_CUR.DOP_MetroOsyKoleji_l;S:\KonfiguracePripojeni\KonektoryAdmin\DOP\dop_cur@@dcipr.gdb3.sde\DOP_CUR.DOP_MetroZarizeni_b;S:\KonfiguracePripojeni\KonektoryAdmin\DOP\dop_cur@@dcipr.gdb3.sde\DOP_CUR.DOP_PesiTrasy_l;S:\KonfiguracePripojeni\KonektoryAdmin\DOP\dop_cur@@dcipr.gdb3.sde\DOP_CUR.DOP_PID_LINKY_L;S:\KonfiguracePripojeni\KonektoryAdmin\DOP\dop_cur@@dcipr.gdb3.sde\DOP_CUR.DOP_PID_LINKY_TYDEN_L;S:\KonfiguracePripojeni\KonektoryAdmin\DOP\dop_cur@@dcipr.gdb3.sde\DOP_CUR.DOP_PID_TarifPasma_p;S:\KonfiguracePripojeni\KonektoryAdmin\DOP\dop_cur@@dcipr.gdb3.sde\DOP_CUR.DOP_PID_TRASY_L;S:\KonfiguracePripojeni\KonektoryAdmin\DOP\dop_cur@@dcipr.gdb3.sde\DOP_CUR.DOP_PID_TRASY_TYDEN_L;S:\KonfiguracePripojeni\KonektoryAdmin\DOP\dop_cur@@dcipr.gdb3.sde\DOP_CUR.DOP_PID_VSTUPY_B;S:\KonfiguracePripojeni\KonektoryAdmin\DOP\dop_cur@@dcipr.gdb3.sde\DOP_CUR.DOP_PID_ZAST_POPIS_B;S:\KonfiguracePripojeni\KonektoryAdmin\DOP\dop_cur@@dcipr.gdb3.sde\DOP_CUR.DOP_PID_ZAST_POPIS_TYDEN_B;S:\KonfiguracePripojeni\KonektoryAdmin\DOP\dop_cur@@dcipr.gdb3.sde\DOP_CUR.DOP_PID_ZASTAVKY_B;S:\KonfiguracePripojeni\KonektoryAdmin\DOP\dop_cur@@dcipr.gdb3.sde\DOP_CUR.DOP_PID_ZASTAVKY_TYDEN_B;S:\KonfiguracePripojeni\KonektoryAdmin\DOP\dop_cur@@dcipr.gdb3.sde\DOP_CUR.DOP_SilniceIt_l;S:\KonfiguracePripojeni\KonektoryAdmin\DOP\dop_cur@@dcipr.gdb3.sde\DOP_CUR.DOP_TramTrate_l;S:\KonfiguracePripojeni\KonektoryAdmin\DOP\dop_cur@@dcipr.gdb3.sde\DOP_CUR.DOP_TramvajeOP_l;S:\KonfiguracePripojeni\KonektoryAdmin\DOP\dop_cur@@dcipr.gdb3.sde\DOP_CUR.DOP_TramvajeOP_p;S:\KonfiguracePripojeni\KonektoryAdmin\DOP\dop_cur@@dcipr.gdb3.sde\DOP_CUR.DOP_TramvajeVozovny_b;S:\KonfiguracePripojeni\KonektoryAdmin\DOP\dop_cur@@dcipr.gdb3.sde\DOP_CUR.DOP_Trasy_ZTP_l;S:\KonfiguracePripojeni\KonektoryAdmin\DOP\dop_cur@@dcipr.gdb3.sde\DOP_CUR.DOP_TSK_LU_terminy_p;S:\KonfiguracePripojeni\KonektoryAdmin\DOP\dop_cur@@dcipr.gdb3.sde\DOP_CUR.DOP_TSK_Stani_ZTP_b;S:\KonfiguracePripojeni\KonektoryAdmin\DOP\dop_cur@@dcipr.gdb3.sde\DOP_CUR.DOP_TSK_UlicUsPAKOM_l;S:\KonfiguracePripojeni\KonektoryAdmin\DOP\dop_cur@@dcipr.gdb3.sde\DOP_CUR.DOP_TSK_ZimniUdrzba_l;S:\KonfiguracePripojeni\KonektoryAdmin\DOP\dop_cur@@dcipr.gdb3.sde\DOP_CUR.DOP_VodniCesta_l;S:\KonfiguracePripojeni\KonektoryAdmin\DOP\dop_cur@@dcipr.gdb3.sde\DOP_CUR.DOP_VodniZarizeni_b;S:\KonfiguracePripojeni\KonektoryAdmin\DOP\dop_cur@@dcipr.gdb3.sde\DOP_CUR.DOP_ZachParkoviste_b;S:\KonfiguracePripojeni\KonektoryAdmin\DOP\dop_cur@@dcipr.gdb3.sde\DOP_CUR.DOP_ZelezniceOP_p;S:\KonfiguracePripojeni\KonektoryAdmin\DOP\dop_cur@@dcipr.gdb3.sde\DOP_CUR.DOP_ZelezOsyKoleji_l;S:\KonfiguracePripojeni\KonektoryAdmin\DOP\dop_cur@@dcipr.gdb3.sde\DOP_CUR.DOP_ZelezZarizeni_b;S:\KonfiguracePripojeni\KonektoryAdmin\DOP\dop_cur@@dcipr.gdb3.sde\DOP_CUR.DOP_ZPS_Parkomaty_b;S:\KonfiguracePripojeni\KonektoryAdmin\DOP\dop_cur@@dcipr.gdb3.sde\DOP_CUR.DOP_ZPS_SPEC_p;S:\KonfiguracePripojeni\KonektoryAdmin\DOP\dop_cur@@dcipr.gdb3.sde\DOP_CUR.DOP_ZPS_USEKY_p;S:\KonfiguracePripojeni\KonektoryAdmin\DOP\dop_cur@@dcipr.gdb3.sde\DOP_CUR.DOP_ZPS_ZAS_p;S:\KonfiguracePripojeni\KonektoryAdmin\DOP\dop_cur@@dcipr.gdb3.sde\DOP_CUR.DOP_ZPS_ZM_p;S:\KonfiguracePripojeni\KonektoryAdmin\DOP\dop_cur@@dcipr.gdb3.sde\DOP_CUR.DOP_ZPS_ZonyPark_p;S:\KonfiguracePripojeni\KonektoryAdmin\DOP\dop_cur@@dcipr.gdb3.sde\DOP_CUR.DOP_ZPS_ZonyStani_p;S:\KonfiguracePripojeni\KonektoryAdmin\DOP\dop_cur@@dcipr.gdb3.sde\DOP_CUR.DOP_ZPS_ZTP_RZ_p;S:\KonfiguracePripojeni\KonektoryAdmin\DOP\dop_cur@@dcipr.gdb3.sde\DOP_CUR.DOP_ZPS_ZTP_SDR_p app_geop_vsprava GRANT #</Process><Process ToolSource="c:\esri\arcgis\desktop10.8\ArcToolbox\Toolboxes\Data Management Tools.tbx\TruncateTable" Date="20241205" Time="140526" Name="" export="">TruncateTable S:\KonfiguracePripojeni\KonektoryAdmin\DOP\dop_cur@@dcipr.gdb3.sde\DOP_CUR.DOP_PID_TarifPasma_p</Process><Process ToolSource="c:\esri\arcgis\desktop10.8\ArcToolbox\Toolboxes\Data Management Tools.tbx\Append" Date="20241205" Time="140619" Name="" export="">Append S:\Poskytovatel\DATA\DOP_Doprava\HMP_ROPID\20241205_tarifPasma\20241204\tarifni_pasma.gdb\TP S:\KonfiguracePripojeni\KonektoryAdmin\DOP\dop_cur@@dcipr.gdb3.sde\DOP_CUR.DOP_PID_TarifPasma_p NO_TEST "ID "ID" true true false 4 Long 0 10 ,First,#,S:\Poskytovatel\DATA\DOP_Doprava\HMP_ROPID\20241205_tarifPasma\20241204\tarifni_pasma.gdb\TP,ID,-1,-1;POPIS "popis" true true false 20 Text 0 0 ,First,#,S:\Poskytovatel\DATA\DOP_Doprava\HMP_ROPID\20241205_tarifPasma\20241204\tarifni_pasma.gdb\TP,POPIS,-1,-1;TID_DOP_PID_TARIFPASMA_P "TID_DOP_PID_TARIFPASMA_P" true true false 4 Long 0 10 ,First,#;ID_POSKYT "ID_POSKYT" true true false 4 Long 0 10 ,First,#;POSKYT "POSKYT" true true false 30 Text 0 0 ,First,#;GLOBALID "GLOBALID" false false false 38 GlobalID 0 0 ,First,#;SHAPE.AREA "SHAPE.AREA" false false true 0 Double 0 0 ,First,#;SHAPE.LEN "SHAPE.LEN" false false true 0 Double 0 0 ,First,#" #</Process><Process ToolSource="c:\esri\arcgis\desktop10.8\ArcToolbox\Toolboxes\Data Management Tools.tbx\CalculateField" Date="20241205" Time="140817" Name="" export="">CalculateField DOP_CUR.DOP_PID_TarifPasma_p ID_POSKYT 426 VB #</Process><Process ToolSource="c:\esri\arcgis\desktop10.8\ArcToolbox\Toolboxes\Data Management Tools.tbx\CalculateField" Date="20241205" Time="140844" Name="" export="">CalculateField DOP_CUR.DOP_PID_TarifPasma_p POSKYT "HMP-ROPID" VB #</Process><Process ToolSource="c:\esri\arcgis\pro\Resources\ArcToolbox\toolboxes\Data Management Tools.tbx\CopyFeatures" Date="20250307" Time="105944">CopyFeatures S:\KonfiguracePripojeni\KonektoryAdmin\_APP\APP_GEOPx\app_geop_opendata@@dcipr.gdb3.sde\DOP_CUR.DOP_PID_TARIFPASMA_P C:\Users\spal\Desktop\Geoportal\shapefile\DOP_PID_TARIFPASMA_P.shp # # # #</Process><Process ToolSource="c:\esri\arcgis\pro\Resources\ArcToolbox\toolboxes\Data Management Tools.tbx\DeleteField" Date="20250307" Time="105945">DeleteField C:/Users/spal/Desktop/Geoportal/shapefile\DOP_PID_TARIFPASMA_P.shp TID_DOP_PI DELETE_FIELDS</Process><Process ToolSource="c:\esri\arcgis\pro\Resources\ArcToolbox\toolboxes\Data Management Tools.tbx\DeleteField" Date="20250307" Time="105945">DeleteField C:/Users/spal/Desktop/Geoportal/shapefile\DOP_PID_TARIFPASMA_P.shp ID_POSKYT DELETE_FIELDS</Process><Process ToolSource="c:\esri\arcgis\pro\Resources\ArcToolbox\toolboxes\Data Management Tools.tbx\DeleteField" Date="20250307" Time="105945">DeleteField C:/Users/spal/Desktop/Geoportal/shapefile\DOP_PID_TARIFPASMA_P.shp POSKYT DELETE_FIELDS</Process><Process ToolSource="c:\esri\arcgis\pro\Resources\ArcToolbox\toolboxes\Data Management Tools.tbx\DeleteField" Date="20250307" Time="105945">DeleteField C:/Users/spal/Desktop/Geoportal/shapefile\DOP_PID_TARIFPASMA_P.shp SHAPE_AREA DELETE_FIELDS</Process></lineage></DataProperties><SyncDate>20250307</SyncDate><SyncTime>10594300</SyncTime><ModDate>20250307</ModDate><ModTime>10594300</ModTime><scaleRange><minScale>150000000</minScale><maxScale>5000</maxScale></scaleRange><ArcGISProfile>IPRMetadata</ArcGISProfile></Esri><mdLang><languageCode value="cze"/><countryCode value="GBR" Sync="TRUE"/></mdLang><mdChar><CharSetCd value="004"/></mdChar><mdHrLv><ScopeCd value="005"/></mdHrLv><mdContact xmlns=""><rpIndName>Mikulová Milada Ing.</rpIndName><rpOrgName>Institut plánování a rozvoje hl. m. Prahy</rpOrgName><rpCntInfo xmlns=""><cntAddress addressType=""><eMailAdd>mikulova@ipr.praha.eu</eMailAdd></cntAddress></rpCntInfo><role><RoleCd value="007"/></role></mdContact><mdStanName>ArcGIS Metadata</mdStanName><mdStanVer>1.0</mdStanVer><distInfo xmlns=""><distFormat xmlns=""><formatVer>-</formatVer><formatName Sync="TRUE">Shapefile</formatName></distFormat><distributor xmlns=""><distorCont xmlns=""><rpOrgName>Institut plánování a rozvoje hl. m. Prahy</rpOrgName><role><RoleCd value="005"/></role><rpCntInfo xmlns=""><cntAddress addressType=""><delPoint>Vyšehradská 57/2077</delPoint><city>Praha</city><postCode>12800</postCode><eMailAdd>vydej@ipr.praha.eu</eMailAdd><country>CZ</country></cntAddress></rpCntInfo></distorCont></distributor><distTranOps><transSize Sync="TRUE">0.000</transSize></distTranOps></distInfo><dataIdInfo><idAbs>&lt;DIV STYLE="text-align:Left;"&gt;&lt;DIV&gt;&lt;DIV&gt;&lt;P&gt;&lt;SPAN&gt;Pražská integrovaná doprava - tarifní pásma&lt;/SPAN&gt;&lt;/P&gt;&lt;/DIV&gt;&lt;/DIV&gt;&lt;/DIV&gt;</idAbs><dataLang><languageCode value="cze" country="CZ"/><countryCode value="ces"/></dataLang><idCitation xmlns=""><resTitle Sync="FALSE">Pražská integrovaná doprava - tarifní pásma</resTitle><presForm xmlns=""><PresFormCd value="005"/></presForm><date><createDate>2009-12-11T00:00:00</createDate><pubDate>2024-12-05T00:00:00</pubDate><reviseDate>2024-12-04T00:00:00</reviseDate></date><citId xmlns=""><identCode code="CZ-70883858-DOP_CUR.DOP_PID_TarifPasma_p">CZ-70883858-DOP_CUR.DOP_PID_TarifPasma_p</identCode><idCodeSpace>IPR Praha</idCodeSpace></citId><citRespParty xmlns=""><rpOrgName>ROPID (Regionální organizátor Pražské integrované dopravy)  </rpOrgName><rpCntInfo xmlns=""><cntAddress addressType=""><eMailAdd>ropid@ropid.cz</eMailAdd></cntAddress></rpCntInfo><role><RoleCd value="001"/></role><displayName>ROPID (Regionální organizátor Pražské integrované dopravy)  </displayName></citRespParty></idCitation><descKeys><thesaName uuidref="723f6998-058e-11dc-8314-0800200c9a66"/></descKeys><spatRpType><SpatRepTypCd value="001"/></spatRpType><dataChar><CharSetCd value="004"/></dataChar><dataScale xmlns=""><equScale><rfDenom>5000</rfDenom></equScale></dataScale><idPoC xmlns=""><rpOrgName>ROPID (Regionální organizátor Pražské integrované dopravy)  </rpOrgName><rpCntInfo xmlns=""><cntAddress addressType=""><eMailAdd>ropid@ropid.cz</eMailAdd></cntAddress></rpCntInfo><role><RoleCd value="002"/></role></idPoC><placeKeys xmlns=""><keyword>Praha</keyword><keyword>Česká republika</keyword></placeKeys><resMaint xmlns=""><maintFreq><MaintFreqCd value="009"/></maintFreq></resMaint><resConst><LegConsts xmlns=""><accessConsts><RestrictCd value="008"/></accessConsts><othConsts>Pravidla pro poskytování dat a výstupů z datového skladu Geografického informačního systému hl. m. Prahy</othConsts><useConsts><RestrictCd value="005"/></useConsts></LegConsts></resConst><envirDesc Sync="TRUE">Microsoft Windows 10 Version 10.0 (Build 22000) ; Esri ArcGIS 13.4.0.55405</envirDesc><dataExt xmlns=""><geoEle xmlns=""><GeoBndBox esriExtentType="search"><exTypeCode Sync="TRUE">1</exTypeCode><westBL Sync="TRUE">12.787794</westBL><eastBL Sync="TRUE">15.768623</eastBL><northBL Sync="TRUE">50.739404</northBL><southBL Sync="TRUE">49.221356</southBL></GeoBndBox></geoEle></dataExt><OtherIPRKeywordInfo><OtherIPRKeywordDescription xmlns=""><OtherIPRKeywordType value="Veřejná doprava"/></OtherIPRKeywordDescription></OtherIPRKeywordInfo><DatastoreInfo><DatastoreDescription xmlns=""><DatastoreType value="IPR Praha"/></DatastoreDescription></DatastoreInfo><DatastoreInfo><DatastoreDescription xmlns=""><DatastoreType value="Datové centrum MHMP - internet"/></DatastoreDescription></DatastoreInfo><DatastoreInfo><DatastoreDescription xmlns=""><DatastoreType value="Datové centrum MHMP - mepnet"/></DatastoreDescription></DatastoreInfo><OpendataCategoryInfo><OpendataCategoryDescription xmlns=""><OpendataCategoryType value="Doprava"/></OpendataCategoryDescription></OpendataCategoryInfo><resConst><Consts xmlns=""><useLimit>&lt;DIV STYLE="text-align:Left;"&gt;&lt;DIV&gt;&lt;DIV&gt;&lt;P&gt;&lt;A href="http://www.geoportalpraha.cz" STYLE="text-decoration:underline;"&gt;&lt;SPAN STYLE="text-decoration:underline;"&gt;&lt;SPAN&gt;www.geoportalpraha.cz&lt;/SPAN&gt;&lt;/SPAN&gt;&lt;/A&gt;&lt;/P&gt;&lt;/DIV&gt;&lt;/DIV&gt;&lt;/DIV&gt;</useLimit></Consts></resConst><tpCat><TopicCatCd value="018"/></tpCat></dataIdInfo><mdMaint><maintFreq><MaintFreqCd value="009"/></maintFreq></mdMaint><dqInfo xmlns=""><dataLineage><statement>Oficiální verze datové sady poskytovatele přebíraná v rámci plnění smlouvy.</statement></dataLineage><dqScope><scpLvl><ScopeCd value="005"/></scpLvl></dqScope><report type="DQDomConsis" dimension="" xmlns=""><measResult><ConResult xmlns=""><conSpec xmlns=""><resTitle>Nařízení Komise (EU) č. 1089/2010 ze dne 23. listopadu 2010, kterým se provádí směrnice Evropského parlamentu a Rady 2007/2/ES, pokud jde o interoperabilitu sad prostorových dat a služeb prostorových dat</resTitle><date><pubDate>2010-12-08T00:00:00</pubDate></date></conSpec><conExpl>nehodnoceno</conExpl><conPass>1</conPass></ConResult></measResult></report></dqInfo><refSysInfo><RefSystem dimension=""><refSysID xmlns=""><identCode code="5514"/><idCodeSpace Sync="TRUE">EPSG</idCodeSpace><idVersion Sync="TRUE">7.7(10.1.0)</idVersion></refSysID></RefSystem></refSysInfo><eainfo><detailed Name="DOP_PID_TARIFPASMA_P" xmlns=""><enttyp><enttypl Sync="TRUE">DOP_PID_TARIFPASMA_P</enttypl><enttypt Sync="TRUE">Feature Class</enttypt><enttypc Sync="TRUE">0</enttypc></enttyp><attr><attrlabl Sync="TRUE">FID</attrlabl><attalias Sync="TRUE">FID</attalias><attrtype Sync="TRUE">OID</attrtype><attwidth Sync="TRUE">4</attwidth><atprecis Sync="TRUE">0</atprecis><attscale Sync="TRUE">0</attscale><attrdef Sync="TRUE">Internal feature number.</attrdef><attrdefs Sync="TRUE">Esri</attrdefs><attrdomv><udom Sync="TRUE">Sequential unique whole numbers that are automatically generated.</udom></attrdomv></attr><attr exportToIso="True" exportDomainValues="False" xmlns=""><attrlabl Sync="TRUE">ID</attrlabl><attalias Sync="TRUE">ID</attalias><attrtype Sync="TRUE">Integer</attrtype><attwidth Sync="TRUE">10</attwidth><atprecis Sync="TRUE">10</atprecis><attscale Sync="TRUE">0</attscale><attrdef>číslo tarifního pásma</attrdef><verejne>True</verejne></attr><attr exportToIso="False" exportDomainValues="False" xmlns=""><attrlabl Sync="TRUE">SHAPE</attrlabl><attalias Sync="TRUE">Shape</attalias><attrtype Sync="TRUE">Geometry</attrtype><attwidth Sync="TRUE">0</attwidth><atprecis Sync="TRUE">0</atprecis><attscale Sync="TRUE">0</attscale><attrdef Sync="TRUE">Feature geometry.</attrdef><attrdefs Sync="TRUE">ESRI</attrdefs><attrdomv><udom Sync="TRUE">Coordinates defining the features.</udom></attrdomv></attr><attr exportToIso="False" exportDomainValues="False" xmlns=""><attrlabl Sync="TRUE">ID_POSKYT</attrlabl><attalias Sync="TRUE">ID_POSKYT</attalias><attrtype Sync="TRUE">Integer</attrtype><attwidth Sync="TRUE">10</attwidth><atprecis Sync="TRUE">10</atprecis><attscale Sync="TRUE">0</attscale></attr><attr><attrlabl Sync="TRUE">TID_DOP_PI</attrlabl><attalias Sync="TRUE">TID_DOP_PI</attalias><attrtype Sync="TRUE">Integer</attrtype><attwidth Sync="TRUE">10</attwidth><atprecis Sync="TRUE">10</atprecis><attscale Sync="TRUE">0</attscale></attr><attr exportToIso="False" exportDomainValues="False" xmlns=""><attrlabl Sync="TRUE">POSKYT</attrlabl><attalias Sync="TRUE">POSKYT</attalias><attrtype Sync="TRUE">String</attrtype><attwidth Sync="TRUE">30</attwidth><atprecis Sync="TRUE">0</atprecis><attscale Sync="TRUE">0</attscale><attrdef>poskytovatel dat</attrdef></attr><attr exportToIso="False" exportDomainValues="False" xmlns=""><attrlabl Sync="TRUE">GLOBALID</attrlabl><attalias Sync="TRUE">GLOBALID</attalias><attrtype Sync="TRUE">String</attrtype><attwidth Sync="TRUE">38</attwidth><atprecis Sync="TRUE">0</atprecis><attscale Sync="TRUE">0</attscale></attr><attr exportToIso="True" exportDomainValues="False" xmlns=""><attrlabl Sync="TRUE">POPIS</attrlabl><attalias Sync="TRUE">POPIS</attalias><attrtype Sync="TRUE">String</attrtype><attwidth Sync="TRUE">20</attwidth><atprecis Sync="TRUE">0</atprecis><attscale Sync="TRUE">0</attscale><attrdef>popis pásma</attrdef><verejne>True</verejne></attr><attr><attrlabl Sync="TRUE">SHAPE_AREA</attrlabl><attalias Sync="TRUE">SHAPE_AREA</attalias><attrtype Sync="TRUE">Double</attrtype><attwidth Sync="TRUE">19</attwidth><atprecis Sync="TRUE">0</atprecis><attscale Sync="TRUE">0</attscale><attrdef Sync="TRUE">Area of feature in internal units squared.</attrdef><attrdefs Sync="TRUE">Esri</attrdefs><attrdomv><udom Sync="TRUE">Positive real numbers that are automatically generated.</udom></attrdomv></attr><attr><attrlabl Sync="TRUE">SHAPE_LEN</attrlabl><attalias Sync="TRUE">SHAPE_LEN</attalias><attrtype Sync="TRUE">Double</attrtype><attwidth Sync="TRUE">19</attwidth><atprecis Sync="TRUE">0</atprecis><attscale Sync="TRUE">0</attscale></attr></detailed></eainfo><mdHrLvName Sync="TRUE">dataset</mdHrLvName><spatRepInfo><VectSpatRep><geometObjs Name="DOP_PID_TARIFPASMA_P"><geoObjTyp><GeoObjTypCd value="002" Sync="TRUE"></GeoObjTypCd></geoObjTyp><geoObjCnt Sync="TRUE">0</geoObjCnt></geometObjs><topLvl><TopoLevCd value="001" Sync="TRUE"></TopoLevCd></topLvl></VectSpatRep></spatRepInfo><spdoinfo><ptvctinf><esriterm Name="DOP_PID_TARIFPASMA_P"><efeatyp Sync="TRUE">Simple</efeatyp><efeageom code="4" Sync="TRUE"></efeageom><esritopo Sync="TRUE">FALSE</esritopo><efeacnt Sync="TRUE">0</efeacnt><spindex Sync="TRUE">FALSE</spindex><linrefer Sync="TRUE">FALSE</linrefer></esriterm></ptvctinf></spdoinfo><mdDateSt Sync="TRUE">20250307</mdDateSt><mdFileID>0338DEFD-CE9E-48E4-9A81-12D911221F39</mdFileID><custom><TopicStatus><INSPIREstatus>Dopravní sítě</INSPIREstatus><IPRstatus>Územně analytické podklady</IPRstatus><UAPstatus>A105a - Linky a zastávky veřejné hromadné dopravy</UAPstatus><GEMETstatus>Infrastruktura dopravní/Traffic infrastructure</GEMETstatus><IPRkeywordstatus>Doprava/Transportation</IPRkeywordstatus></TopicStatus></custom></metadata>
